,UPC,CATEGORY,SUB_CATEGORY,Product_List
0,3700098325,TOTAL DEODORANTS,DEODORANT,Yes
1,3700098410,ORAL CARE,DENTIFRICE,Yes
2,4126037146,OC ADJACENCY,INSTRUMENT,Yes
3,3700077970,ORAL CARE,DENTIFRICE,Yes
4,3700077970,ORAL CARE,DENTIFRICE,Yes
5,8327298102,ORAL CARE,DENTURE CLEANSERS,Yes
6,6905512786,ORAL CARE,POWER TOOTHBRUSH,Yes
7,1204404513,TOTAL DEODORANTS,BODY SPRAY,Yes
8,1204403957,TOTAL DEODORANTS,DEODORANT,Yes
9,3700040070,ORAL CARE,DENTIFRICE,Yes
10,3320018770,ORAL CARE,DENTIFRICE,Yes
11,31015883080,ORAL CARE,DENTIFRICE,Yes
12,3500068045,ORAL CARE,MANUAL TOOTHBRUSH,Yes
13,31031032501,OC ADJACENCY,MOUTH PAIN,Yes
14,6905583731,ORAL CARE,POWER TOOTHBRUSH,Yes
15,3700020341,ORAL CARE,DENTAL FLOSS,Yes
16,4126033570,ORAL CARE,DENTAL FLOSS,Yes
17,4116709806,ORAL CARE,ORAL ANTISEPTICS,Yes
18,3700094570,ORAL CARE,ORAL ANTISEPTICS,Yes
19,30041669112,ORAL CARE,MANUAL TOOTHBRUSH,Yes
20,3700021930,ORAL CARE,DENTIFRICE,Yes
21,3700021930,ORAL CARE,DENTIFRICE,Yes
22,3700064966,ORAL CARE,DENTIFRICE,Yes
23,4740005965,TOTAL DEODORANTS,ANTI PERSPIRANT,Yes
24,4740009772,TOTAL DEODORANTS,ANTI PERSPIRANT,Yes
25,3700075421,ORAL CARE,DENTIFRICE,Yes
26,81915602023,ORAL CARE,DENTIFRICE,Yes
27,3500097161,ORAL CARE,DENTIFRICE,Yes
28,3500051119,ORAL CARE,DENTIFRICE,Yes
29,5310038496,ORAL CARE,DENTIFRICE,Yes
30,31254742268,ORAL CARE,ORAL ANTISEPTICS,Yes
31,3500098136,ORAL CARE,DENTIFRICE,Yes
32,4116709428,ORAL CARE,ORAL ANTISEPTICS,Yes
33,81000647270,TOTAL DEODORANTS,Unsegmented,Yes
34,1204404437,TOTAL DEODORANTS,DEODORANT,Yes
35,3500046977,ORAL CARE,DENTIFRICE,Yes
36,3700071043,ORAL CARE,DENTIFRICE,Yes
37,86872400023,ORAL CARE,DENTIFRICE,Yes
38,88971400190,ORAL CARE,WHITENING SYSTEM,Yes
39,88971400187,ORAL CARE,WHITENING SYSTEM,Yes
40,4126034788,ORAL CARE,DENTAL FLOSS,Yes
41,7940058956,TOTAL DEODORANTS,BODY SPRAY,Yes
42,4126036998,ORAL CARE,MANUAL TOOTHBRUSH,Yes
43,4126034829,ORAL CARE,ORAL ANTISEPTICS,Yes
44,3700071078,ORAL CARE,DENTIFRICE,Yes
45,3700074947,TOTAL DEODORANTS,BODY SPRAY,Yes
46,30041010628,ORAL CARE,MANUAL TOOTHBRUSH,Yes
47,4770100123,OC ADJACENCY,MOUTH PAIN,Yes
48,3500096819,ORAL CARE,DENTIFRICE,Yes
49,4740051046,TOTAL DEODORANTS,ANTI PERSPIRANT,Yes
50,4126038476,ORAL CARE,ORAL ANTISEPTICS,Yes
51,30041668302,ORAL CARE,MANUAL TOOTHBRUSH,Yes
52,7940026700,TOTAL DEODORANTS,ANTI PERSPIRANT,Yes
53,7940024407,TOTAL DEODORANTS,DEODORANT,Yes
54,7940022336,TOTAL DEODORANTS,ANTI PERSPIRANT,Yes
55,1204400025,TOTAL DEODORANTS,ANTI PERSPIRANT,Yes
56,3700085193,ORAL CARE,DENTIFRICE,Yes
57,3700071090,ORAL CARE,DENTIFRICE,Yes
58,4126000892,ORAL CARE,MANUAL TOOTHBRUSH,Yes
59,81915602073,ORAL CARE,ORAL ANTISEPTICS,Yes
60,4116709372,ORAL CARE,ORAL ANTISEPTICS,Yes
61,3500076410,ORAL CARE,DENTIFRICE,Yes
62,3500076441,ORAL CARE,DENTIFRICE,Yes
63,3700095662,ORAL CARE,ORAL ANTISEPTICS,Yes
64,4126000821,ORAL CARE,ORAL ANTISEPTICS,Yes
65,1720000014,ORAL CARE,WHITENING SYSTEM,Yes
66,1700006808,TOTAL DEODORANTS,ANTI PERSPIRANT,Yes
67,3700040068,ORAL CARE,DENTIFRICE,Yes
68,3700029972,ORAL CARE,DENTAL FLOSS,Yes
69,4126000122,ORAL CARE,POWER TOOTHBRUSH,Yes
70,30041010141,ORAL CARE,MANUAL TOOTHBRUSH,Yes
71,3500046385,ORAL CARE,DENTIFRICE,Yes
72,3500045836,ORAL CARE,DENTIFRICE,Yes
73,3500076007,ORAL CARE,DENTIFRICE,Yes
74,88971400055,ORAL CARE,WHITENING SYSTEM,Yes
75,1111038983,ORAL CARE,ORAL ANTISEPTICS,Yes
76,4126000007,ORAL CARE,POWER TOOTHBRUSH,Yes
77,3700097658,ORAL CARE,DENTIFRICE,Yes
78,5310038480,ORAL CARE,DENTIFRICE,Yes
79,1204404434,TOTAL DEODORANTS,ANTI PERSPIRANT,Yes
80,6905588621,ORAL CARE,POWER TOOTHBRUSH,Yes
81,1204404524,TOTAL DEODORANTS,DEODORANT,Yes
82,1700006835,TOTAL DEODORANTS,BODY SPRAY,Yes
83,81483201587,ORAL CARE,DENTURE CLEANSERS,Yes
84,7940008636,TOTAL DEODORANTS,ANTI PERSPIRANT,Yes
85,5310033883,ORAL CARE,DENTIFRICE,Yes
86,3700079500,ORAL CARE,ORAL ANTISEPTICS,Yes
87,4126038346,ORAL CARE,DENTURE CLEANSERS,Yes
88,7732683071,ORAL CARE,DENTIFRICE,Yes
89,7732614806,ORAL CARE,DENTIFRICE,Yes
90,31254742725,ORAL CARE,ORAL ANTISEPTICS,Yes
91,4126036997,ORAL CARE,MANUAL TOOTHBRUSH,Yes
92,3700075421,ORAL CARE,DENTIFRICE,Yes
93,7940048069,TOTAL DEODORANTS,ANTI PERSPIRANT,Yes
94,7094230697,ORAL CARE,DENTAL FLOSS,Yes
95,4116709610,ORAL CARE,ORAL ANTISEPTICS,Yes
96,69702910116,ORAL CARE,ORAL ANTISEPTICS,Yes
97,3500098024,ORAL CARE,POWER TOOTHBRUSH,Yes
98,3700073156,TOTAL DEODORANTS,ANTI PERSPIRANT,Yes
99,1204404409,TOTAL DEODORANTS,DEODORANT,Yes
100,81215403008,TOTAL DEODORANTS,DEODORANT,Yes
101,31031043015,OC ADJACENCY,MOUTH PAIN,Yes
102,3700095667,ORAL CARE,ORAL ANTISEPTICS,Yes
103,3500046979,ORAL CARE,DENTIFRICE,Yes
104,3700071170,ORAL CARE,DENTIFRICE,Yes
105,3700081123,ORAL CARE,ORAL ANTISEPTICS,Yes
106,30766081164,RESPIRATORY ADJACENCIES,LIP CARE,Yes
107,4126000009,ORAL CARE,DENTAL FLOSS,Yes
108,3500097223,ORAL CARE,DENTIFRICE,Yes
109,1111035399,ORAL CARE,ORAL ANTISEPTICS,Yes
110,7940047876,TOTAL DEODORANTS,ANTI PERSPIRANT,Yes
111,3500078331,ORAL CARE,DENTIFRICE,Yes
112,4116709832,ORAL CARE,ORAL ANTISEPTICS,Yes
113,4116709242,ORAL CARE,DENTIFRICE,Yes
114,4126036647,ORAL CARE,ORAL ANTISEPTICS,Yes
115,7666030051,ORAL CARE,DENTURE ADHESIVES,Yes
116,4858200440,ORAL CARE,ORAL ANTISEPTICS,Yes
117,31015888765,ORAL CARE,DENTIFRICE,Yes
118,30041010627,ORAL CARE,MANUAL TOOTHBRUSH,Yes
119,3700074222,ORAL CARE,DENTIFRICE,Yes
120,4116709422,ORAL CARE,DENTIFRICE,Yes
121,3700078715,ORAL CARE,ORAL ANTISEPTICS,Yes
122,3700098324,TOTAL DEODORANTS,ANTI PERSPIRANT,Yes
123,3700097678,ORAL CARE,DENTIFRICE,Yes
124,30997316200,TOTAL DEODORANTS,ANTI PERSPIRANT,Yes
125,7940055100,TOTAL DEODORANTS,ANTI PERSPIRANT,Yes
126,7732646839,ORAL CARE,ORAL ANTISEPTICS,Yes
127,3700040073,ORAL CARE,DENTIFRICE,Yes
128,3700097652,ORAL CARE,DENTIFRICE,Yes
129,7502006994,ORAL CARE,POWER TOOTHBRUSH,Yes
130,7940055020,TOTAL DEODORANTS,BODY SPRAY,Yes
131,81215403006,TOTAL DEODORANTS,DEODORANT,Yes
132,76687800079,ORAL CARE,POWER TOOTHBRUSH,Yes
133,1204402983,TOTAL DEODORANTS,ANTI PERSPIRANT,Yes
134,4770100195,ORAL CARE,DENTAL FLOSS,Yes
135,3500046370,ORAL CARE,DENTIFRICE,Yes
136,81915602174,ORAL CARE,DENTIFRICE,Yes
137,4858200330,ORAL CARE,ORAL ANTISEPTICS,Yes
138,85757600829,ORAL CARE,POWER TOOTHBRUSH,Yes
139,7094200246,ORAL CARE,DENTAL FLOSS,Yes
140,7940006125,TOTAL DEODORANTS,ANTI PERSPIRANT,Yes
141,3700090396,ORAL CARE,DENTIFRICE,Yes
142,3700090396,ORAL CARE,DENTIFRICE,Yes
143,7940020570,TOTAL DEODORANTS,ANTI PERSPIRANT,Yes
144,3700027229,ORAL CARE,DENTIFRICE,Yes
145,2220094152,TOTAL DEODORANTS,DEODORANT,Yes
146,7940026102,TOTAL DEODORANTS,DEODORANT,Yes
147,3700097667,ORAL CARE,DENTIFRICE,Yes
148,6905583313,ORAL CARE,POWER TOOTHBRUSH,Yes
149,3500098090,ORAL CARE,POWER TOOTHBRUSH,Yes
150,4126000148,ORAL CARE,DENTIFRICE,Yes
151,3700003866,ORAL CARE,DENTAL FLOSS,Yes
152,81915602072,ORAL CARE,DENTIFRICE,Yes
153,5310034165,ORAL CARE,DENTIFRICE,Yes
154,3320019724,TOTAL DEODORANTS,ANTI PERSPIRANT,Yes
155,4126036927,ORAL CARE,ORAL ANTISEPTICS,Yes
156,3700051305,ORAL CARE,DENTIFRICE,Yes
157,7940006671,TOTAL DEODORANTS,ANTI PERSPIRANT,Yes
158,30041669499,ORAL CARE,MANUAL TOOTHBRUSH,Yes
159,4126037956,ORAL CARE,WHITENING SYSTEM,Yes
160,31254738667,OC ADJACENCY,BREATH,Yes
161,8517800117,ORAL CARE,MANUAL TOOTHBRUSH,Yes
162,7940055110,TOTAL DEODORANTS,ANTI PERSPIRANT,Yes
163,7940055300,TOTAL DEODORANTS,BODY SPRAY,Yes
164,1204438970,TOTAL DEODORANTS,DEODORANT,Yes
165,3500051092,ORAL CARE,DENTIFRICE,Yes
166,3320000093,ORAL CARE,DENTIFRICE,Yes
167,3500097122,ORAL CARE,DENTIFRICE,Yes
168,4116709614,ORAL CARE,ORAL ANTISEPTICS,Yes
169,3700071161,ORAL CARE,DENTIFRICE,Yes
170,85550200858,TOTAL DEODORANTS,Unsegmented,Yes
171,3700097660,ORAL CARE,DENTIFRICE,Yes
172,1204403861,TOTAL DEODORANTS,ANTI PERSPIRANT,Yes
173,6905512559,ORAL CARE,POWER TOOTHBRUSH,Yes
174,4126034974,ORAL CARE,DENTIFRICE,Yes
175,3700047981,ORAL CARE,DENTIFRICE,Yes
176,4116709535,ORAL CARE,ORAL ANTISEPTICS,Yes
177,6905583744,ORAL CARE,POWER TOOTHBRUSH,Yes
178,31254742755,ORAL CARE,ORAL ANTISEPTICS,Yes
179,1700006837,TOTAL DEODORANTS,ANTI PERSPIRANT,Yes
180,3700068758,ORAL CARE,DENTIFRICE,Yes
181,4126000906,ORAL CARE,DENTIFRICE,Yes
182,3700050999,ORAL CARE,DENTIFRICE,Yes
183,1204404494,TOTAL DEODORANTS,DEODORANT,Yes
184,7940047102,TOTAL DEODORANTS,ANTI PERSPIRANT,Yes
185,7940008633,TOTAL DEODORANTS,ANTI PERSPIRANT,Yes
186,3700078920,ORAL CARE,DENTURE ADHESIVES,Yes
187,3500098414,ORAL CARE,DENTIFRICE,Yes
188,4126036800,ORAL CARE,POWER TOOTHBRUSH,Yes
189,7940026540,TOTAL DEODORANTS,ANTI PERSPIRANT,Yes
190,31015826149,ORAL CARE,DENTIFRICE,Yes
191,4116709381,ORAL CARE,ORAL ANTISEPTICS,Yes
192,3500046046,ORAL CARE,DENTIFRICE,Yes
193,7094212612,ORAL CARE,POWER TOOTHBRUSH,Yes
194,69736600150,ORAL CARE,ORAL ANTISEPTICS,Yes
195,3700040066,ORAL CARE,DENTIFRICE,Yes
196,3700082423,ORAL CARE,ORAL ANTISEPTICS,Yes
197,1150900206,ORAL CARE,DENTURE ADHESIVES,Yes
198,4770100071,ORAL CARE,DENTAL FLOSS,Yes
199,3700094478,TOTAL DEODORANTS,ANTI PERSPIRANT,Yes
200,7940060059,TOTAL DEODORANTS,BODY SPRAY,Yes
201,85550200852,TOTAL DEODORANTS,Unsegmented,Yes
202,31031032499,ORAL CARE,ORAL ANTISEPTICS,Yes
203,7940045756,TOTAL DEODORANTS,BODY SPRAY,Yes
204,4116709780,ORAL CARE,ORAL ANTISEPTICS,Yes
205,5310012118,ORAL CARE,DENTIFRICE,Yes
206,30041666631,ORAL CARE,MANUAL TOOTHBRUSH,Yes
207,1700018919,TOTAL DEODORANTS,ANTI PERSPIRANT,Yes
208,30997110327,TOTAL DEODORANTS,ANTI PERSPIRANT,Yes
209,1204403759,TOTAL DEODORANTS,DEODORANT,Yes
210,30041010770,ORAL CARE,MANUAL TOOTHBRUSH,Yes
211,31254770152,ORAL CARE,ORAL ANTISEPTICS,Yes
212,3500096723,TOTAL DEODORANTS,ANTI PERSPIRANT,Yes
213,1204403752,TOTAL DEODORANTS,DEODORANT,Yes
214,31015825974,ORAL CARE,DENTIFRICE,Yes
215,4126038269,ORAL CARE,POWER TOOTHBRUSH,Yes
216,1700008239,TOTAL DEODORANTS,ANTI PERSPIRANT,Yes
217,3700097659,ORAL CARE,DENTIFRICE,Yes
218,3700063348,ORAL CARE,DENTIFRICE,Yes
219,38137009219,ORAL CARE,DENTAL FLOSS,Yes
220,30041010400,ORAL CARE,MANUAL TOOTHBRUSH,Yes
221,31254770153,ORAL CARE,ORAL ANTISEPTICS,Yes
222,4858210050,ORAL CARE,DENTIFRICE,Yes
223,1204403004,TOTAL DEODORANTS,DEODORANT,Yes
224,3500068076,OC ADJACENCY,WISP,Yes
225,4740067136,TOTAL DEODORANTS,ANTI PERSPIRANT,Yes
226,7940007217,TOTAL DEODORANTS,DEODORANT,Yes
227,7732683213,ORAL CARE,DENTIFRICE,Yes
228,3320019793,TOTAL DEODORANTS,DEODORANT,Yes
229,7940044851,TOTAL DEODORANTS,BODY SPRAY,Yes
230,76687800126,ORAL CARE,POWER TOOTHBRUSH,Yes
231,3700077611,ORAL CARE,DENTIFRICE,Yes
232,3500097497,ORAL CARE,POWER TOOTHBRUSH,Yes
233,3500097497,ORAL CARE,POWER TOOTHBRUSH,Yes
234,31015805308,ORAL CARE,DENTURE CLEANSERS,Yes
235,3500097872,ORAL CARE,DENTIFRICE,Yes
236,30041010854,ORAL CARE,DENTAL FLOSS,Yes
237,7940059147,TOTAL DEODORANTS,BODY SPRAY,Yes
238,4858200155,ORAL CARE,ORAL ANTISEPTICS,Yes
239,3700071178,ORAL CARE,DENTIFRICE,Yes
240,7940047101,TOTAL DEODORANTS,ANTI PERSPIRANT,Yes
241,3500068046,ORAL CARE,MANUAL TOOTHBRUSH,Yes
242,31031043024,ORAL CARE,DENTIFRICE,Yes
243,31015825973,ORAL CARE,DENTIFRICE,Yes
244,2220000490,TOTAL DEODORANTS,ANTI PERSPIRANT,Yes
245,7732647020,ORAL CARE,DENTIFRICE,Yes
246,30041010109,ORAL CARE,MANUAL TOOTHBRUSH,Yes
247,7732646016,ORAL CARE,ORAL ANTISEPTICS,Yes
248,4126038141,ORAL CARE,ORAL ANTISEPTICS,Yes
249,3700000382,ORAL CARE,DENTIFRICE,Yes
250,30041010428,ORAL CARE,MANUAL TOOTHBRUSH,Yes
251,1204404108,TOTAL DEODORANTS,DEODORANT,Yes
252,38137009217,ORAL CARE,DENTAL FLOSS,Yes
253,3700097689,ORAL CARE,DENTIFRICE,Yes
254,3700095666,ORAL CARE,ORAL ANTISEPTICS,Yes
255,4126037688,ORAL CARE,DENTAL FLOSS,Yes
256,6905587662,ORAL CARE,POWER TOOTHBRUSH,Yes
257,1204404407,TOTAL DEODORANTS,ANTI PERSPIRANT,Yes
258,1204403969,TOTAL DEODORANTS,DEODORANT,Yes
259,4116709565,ORAL CARE,ORAL ANTISEPTICS,Yes
260,6905582418,ORAL CARE,POWER TOOTHBRUSH,Yes
261,19253900048,ORAL CARE,DENTIFRICE,Yes
262,30041010791,ORAL CARE,DENTAL FLOSS,Yes
263,7940044873,TOTAL DEODORANTS,BODY SPRAY,Yes
264,3500055364,ORAL CARE,MANUAL TOOTHBRUSH,Yes
265,1204400024,TOTAL DEODORANTS,ANTI PERSPIRANT,Yes
266,31031043001,ORAL CARE,ORAL ANTISEPTICS,Yes
267,31015884030,ORAL CARE,DENTIFRICE,Yes
268,19253900014,ORAL CARE,DENTIFRICE,Yes
269,76687800078,ORAL CARE,POWER TOOTHBRUSH,Yes
270,3500068048,ORAL CARE,MANUAL TOOTHBRUSH,Yes
271,30041010399,ORAL CARE,MANUAL TOOTHBRUSH,Yes
272,3500046383,ORAL CARE,DENTIFRICE,Yes
273,7732683562,ORAL CARE,DENTIFRICE,Yes
274,3700048029,ORAL CARE,DENTIFRICE,Yes
275,3320018626,ORAL CARE,DENTIFRICE,Yes
276,81915602025,ORAL CARE,DENTIFRICE,Yes
277,3500046377,ORAL CARE,DENTIFRICE,Yes
278,3700040061,ORAL CARE,DENTIFRICE,Yes
279,3700040058,ORAL CARE,DENTIFRICE,Yes
280,1111079921,ORAL CARE,DENTAL FLOSS,Yes
281,1204404399,TOTAL DEODORANTS,DEODORANT,Yes
282,31254730625,ORAL CARE,ORAL ANTISEPTICS,Yes
283,30041010495,ORAL CARE,MANUAL TOOTHBRUSH,Yes
284,31015888764,ORAL CARE,DENTIFRICE,Yes
285,1204403884,TOTAL DEODORANTS,DEODORANT,Yes
286,7094212687,ORAL CARE,MANUAL TOOTHBRUSH,Yes
287,3700071150,ORAL CARE,DENTIFRICE,Yes
288,76687800146,ORAL CARE,POWER TOOTHBRUSH,Yes
289,7732644548,ORAL CARE,DENTIFRICE,Yes
290,7940041855,TOTAL DEODORANTS,ANTI PERSPIRANT,Yes
291,3700094480,TOTAL DEODORANTS,ANTI PERSPIRANT,Yes
292,4116709444,ORAL CARE,ORAL ANTISEPTICS,Yes
293,3500051087,ORAL CARE,DENTIFRICE,Yes
294,3700040128,ORAL CARE,DENTIFRICE,Yes
295,1204404397,TOTAL DEODORANTS,DEODORANT,Yes
296,1700006806,TOTAL DEODORANTS,BODY SPRAY,Yes
297,1204404532,TOTAL DEODORANTS,ANTI PERSPIRANT,Yes
298,3700055567,ORAL CARE,DENTIFRICE,Yes
299,1204404089,TOTAL DEODORANTS,ANTI PERSPIRANT,Yes
300,3500097908,ORAL CARE,WHITENING SYSTEM,Yes
301,3700094567,ORAL CARE,ORAL ANTISEPTICS,Yes
302,31254730635,ORAL CARE,ORAL ANTISEPTICS,Yes
303,31015805475,ORAL CARE,DENTURE ADHESIVES,Yes
304,3500097985,ORAL CARE,POWER TOOTHBRUSH,Yes
305,30041082570,ORAL CARE,DENTAL FLOSS,Yes
306,88971400005,ORAL CARE,WHITENING SYSTEM,Yes
307,1111035398,ORAL CARE,ORAL ANTISEPTICS,Yes
308,3500045460,ORAL CARE,MANUAL TOOTHBRUSH,Yes
309,88971400188,ORAL CARE,WHITENING SYSTEM,Yes
310,3500097160,ORAL CARE,DENTIFRICE,Yes
311,3700039603,ORAL CARE,DENTIFRICE,Yes
312,7732647017,ORAL CARE,DENTIFRICE,Yes
313,7666030002,ORAL CARE,DENTURE ADHESIVES,Yes
314,31254742835,ORAL CARE,ORAL ANTISEPTICS,Yes
315,3500046384,ORAL CARE,DENTIFRICE,Yes
316,3700090734,ORAL CARE,DENTIFRICE,Yes
317,87863900021,TOTAL DEODORANTS,DEODORANT,Yes
318,3700094479,TOTAL DEODORANTS,ANTI PERSPIRANT,Yes
319,31015885077,ORAL CARE,DENTIFRICE,Yes
320,3700045564,ORAL CARE,DENTURE ADHESIVES,Yes
321,7666000866,ORAL CARE,DENTURE ADHESIVES,Yes
322,3700046967,ORAL CARE,DENTAL FLOSS,Yes
323,7940046672,TOTAL DEODORANTS,ANTI PERSPIRANT,Yes
324,31015805609,ORAL CARE,DENTURE ADHESIVES,Yes
325,2220046886,TOTAL DEODORANTS,ANTI PERSPIRANT,Yes
326,3500055190,ORAL CARE,MANUAL TOOTHBRUSH,Yes
327,3500051084,ORAL CARE,DENTIFRICE,Yes
328,3700000373,ORAL CARE,MANUAL TOOTHBRUSH,Yes
329,3700000373,ORAL CARE,MANUAL TOOTHBRUSH,Yes
330,1204401560,TOTAL DEODORANTS,ANTI PERSPIRANT,Yes
331,6830563235,ORAL CARE,DENTIFRICE,Yes
332,4858251201,OC ADJACENCY,DRY MOUTH,Yes
333,7940020696,TOTAL DEODORANTS,ANTI PERSPIRANT,Yes
334,4858215942,OC ADJACENCY,DRY MOUTH,Yes
335,30573022567,OC ADJACENCY,MOUTH PAIN,Yes
336,3500046392,ORAL CARE,DENTIFRICE,Yes
337,3500045828,ORAL CARE,DENTIFRICE,Yes
338,76687800092,ORAL CARE,POWER TOOTHBRUSH,Yes
339,4126000324,ORAL CARE,MANUAL TOOTHBRUSH,Yes
340,1204402999,TOTAL DEODORANTS,ANTI PERSPIRANT,Yes
341,3500097225,ORAL CARE,DENTIFRICE,Yes
342,30041010639,ORAL CARE,MANUAL TOOTHBRUSH,Yes
343,7940007216,TOTAL DEODORANTS,DEODORANT,Yes
344,1204403954,TOTAL DEODORANTS,DEODORANT,Yes
345,87863900023,TOTAL DEODORANTS,DEODORANT,Yes
346,30041010107,ORAL CARE,MANUAL TOOTHBRUSH,Yes
347,1700006812,TOTAL DEODORANTS,ANTI PERSPIRANT,Yes
348,7094200242,ORAL CARE,DENTAL FLOSS,Yes
349,3700008987,ORAL CARE,ORAL ANTISEPTICS,Yes
350,3700008987,ORAL CARE,ORAL ANTISEPTICS,Yes
351,3500098871,ORAL CARE,DENTIFRICE,Yes
352,3500067123,ORAL CARE,ORAL ANTISEPTICS,Yes
353,30041010630,ORAL CARE,MANUAL TOOTHBRUSH,Yes
354,3500045959,ORAL CARE,DENTIFRICE,Yes
355,3500051114,ORAL CARE,DENTIFRICE,Yes
356,4126038670,ORAL CARE,MANUAL TOOTHBRUSH,Yes
357,1254743320,OC ADJACENCY,BREATH,Yes
358,69702919203,ORAL CARE,ORAL ANTISEPTICS,Yes
359,1111079942,ORAL CARE,ORAL ANTISEPTICS,Yes
360,7940059303,TOTAL DEODORANTS,ANTI PERSPIRANT,Yes
361,1111038079,ORAL CARE,ORAL ANTISEPTICS,Yes
362,1204404492,TOTAL DEODORANTS,DEODORANT,Yes
363,3700046953,ORAL CARE,DENTAL FLOSS,Yes
364,3700097673,ORAL CARE,DENTIFRICE,Yes
365,3500098520,ORAL CARE,DENTIFRICE,Yes
366,3700082037,ORAL CARE,DENTIFRICE,Yes
367,76687800441,ORAL CARE,POWER TOOTHBRUSH,Yes
368,31015808111,ORAL CARE,DENTIFRICE,Yes
369,3500097496,ORAL CARE,POWER TOOTHBRUSH,Yes
370,3500097496,ORAL CARE,POWER TOOTHBRUSH,Yes
371,88971400192,ORAL CARE,WHITENING SYSTEM,Yes
372,7940006675,TOTAL DEODORANTS,ANTI PERSPIRANT,Yes
373,4116709921,OC ADJACENCY,DRY MOUTH,Yes
374,3500045830,ORAL CARE,DENTIFRICE,Yes
375,31015808404,ORAL CARE,DENTIFRICE,Yes
376,1150900205,ORAL CARE,DENTURE ADHESIVES,Yes
377,7940046977,TOTAL DEODORANTS,BODY SPRAY,Yes
378,3700073413,TOTAL DEODORANTS,DEODORANT,Yes
379,7940048024,TOTAL DEODORANTS,ANTI PERSPIRANT,Yes
380,30041010430,ORAL CARE,MANUAL TOOTHBRUSH,Yes
381,4126034830,ORAL CARE,ORAL ANTISEPTICS,Yes
382,7940001343,TOTAL DEODORANTS,DEODORANT,Yes
383,3500096840,TOTAL DEODORANTS,DEODORANT,Yes
384,3700071075,ORAL CARE,DENTIFRICE,Yes
385,1204404520,TOTAL DEODORANTS,ANTI PERSPIRANT,Yes
386,4126038461,ORAL CARE,MANUAL TOOTHBRUSH,Yes
387,3320018013,ORAL CARE,DENTIFRICE,Yes
388,3500098502,ORAL CARE,DENTIFRICE,Yes
389,4126036996,ORAL CARE,MANUAL TOOTHBRUSH,Yes
390,69702947100,OC ADJACENCY,DRY MOUTH,Yes
391,7940047852,TOTAL DEODORANTS,ANTI PERSPIRANT,Yes
392,2220094020,TOTAL DEODORANTS,DEODORANT,Yes
393,7940006147,TOTAL DEODORANTS,ANTI PERSPIRANT,Yes
394,3500098492,ORAL CARE,DENTIFRICE,Yes
395,3500045461,ORAL CARE,MANUAL TOOTHBRUSH,Yes
396,30041668470,ORAL CARE,MANUAL TOOTHBRUSH,Yes
397,69736600250,ORAL CARE,ORAL ANTISEPTICS,Yes
398,69702910016,ORAL CARE,ORAL ANTISEPTICS,Yes
399,31015888763,ORAL CARE,DENTIFRICE,Yes
400,30041010640,ORAL CARE,MANUAL TOOTHBRUSH,Yes
401,36382479080,ORAL CARE,ORAL ANTISEPTICS,Yes
402,3500097209,ORAL CARE,DENTIFRICE,Yes
403,3500098436,ORAL CARE,DENTIFRICE,Yes
404,1204404394,TOTAL DEODORANTS,ANTI PERSPIRANT,Yes
405,1204401113,TOTAL DEODORANTS,ANTI PERSPIRANT,Yes
406,1111079744,ORAL CARE,MANUAL TOOTHBRUSH,Yes
407,30041010480,ORAL CARE,DENTAL FLOSS,Yes
408,30041010111,ORAL CARE,MANUAL TOOTHBRUSH,Yes
409,3500098498,ORAL CARE,DENTIFRICE,Yes
410,69702942143,ORAL CARE,ORAL ANTISEPTICS,Yes
411,31015888760,ORAL CARE,DENTIFRICE,Yes
412,30041668471,ORAL CARE,MANUAL TOOTHBRUSH,Yes
413,7940034370,TOTAL DEODORANTS,BODY SPRAY,Yes
414,3700040028,ORAL CARE,DENTIFRICE,Yes
415,7666030021,ORAL CARE,DENTURE ADHESIVES,Yes
416,6905584201,ORAL CARE,POWER TOOTHBRUSH,Yes
417,3500097162,ORAL CARE,DENTIFRICE,Yes
418,3500044811,ORAL CARE,MANUAL TOOTHBRUSH,Yes
419,1111038078,ORAL CARE,ORAL ANTISEPTICS,Yes
420,4126000002,ORAL CARE,WHITENING SYSTEM,Yes
421,31254730671,ORAL CARE,ORAL ANTISEPTICS,Yes
422,3700040057,ORAL CARE,DENTIFRICE,Yes
423,3700085379,ORAL CARE,DENTIFRICE,Yes
424,7732645783,ORAL CARE,ORAL ANTISEPTICS,Yes
425,7940019720,TOTAL DEODORANTS,BODY SPRAY,Yes
426,81915602003,ORAL CARE,DENTIFRICE,Yes
427,31015808375,ORAL CARE,DENTIFRICE,Yes
428,30041010316,ORAL CARE,MANUAL TOOTHBRUSH,Yes
429,3700040079,ORAL CARE,DENTIFRICE,Yes
430,3500068176,ORAL CARE,MANUAL TOOTHBRUSH,Yes
431,3700092557,ORAL CARE,ORAL ANTISEPTICS,Yes
432,3700092557,ORAL CARE,ORAL ANTISEPTICS,Yes
433,7940058984,TOTAL DEODORANTS,DEODORANT,Yes
434,3500046386,ORAL CARE,DENTIFRICE,Yes
435,3700021893,ORAL CARE,DENTIFRICE,Yes
436,7732683086,ORAL CARE,DENTIFRICE,Yes
437,4126038253,ORAL CARE,DENTIFRICE,Yes
438,4126036932,ORAL CARE,DENTURE ADHESIVES,Yes
439,1204403963,TOTAL DEODORANTS,ANTI PERSPIRANT,Yes
440,7940046629,TOTAL DEODORANTS,ANTI PERSPIRANT,Yes
441,1700006807,TOTAL DEODORANTS,ANTI PERSPIRANT,Yes
442,3700044983,ORAL CARE,ORAL ANTISEPTICS,Yes
443,3700097671,ORAL CARE,DENTIFRICE,Yes
444,1204404536,TOTAL DEODORANTS,DEODORANT,Yes
445,3500097008,ORAL CARE,DENTIFRICE,Yes
446,3500097159,ORAL CARE,DENTIFRICE,Yes
447,7094230321,OC ADJACENCY,INSTRUMENT,Yes
448,3500055364,ORAL CARE,MANUAL TOOTHBRUSH,Yes
449,4770100081,ORAL CARE,DENTAL FLOSS,Yes
450,31015883057,ORAL CARE,DENTIFRICE,Yes
451,4138820391,OC ADJACENCY,MOUTH PAIN,Yes
452,81000647278,TOTAL DEODORANTS,ANTI PERSPIRANT,Yes
453,30041010068,ORAL CARE,MANUAL TOOTHBRUSH,Yes
454,19253900005,ORAL CARE,DENTIFRICE,Yes
455,3700090785,ORAL CARE,DENTIFRICE,Yes
456,4740000886,TOTAL DEODORANTS,ANTI PERSPIRANT,Yes
457,7940035069,TOTAL DEODORANTS,BODY SPRAY,Yes
458,6905582420,ORAL CARE,POWER TOOTHBRUSH,Yes
459,31254723597,ORAL CARE,ORAL ANTISEPTICS,Yes
460,31015806204,ORAL CARE,DENTURE ADHESIVES,Yes
461,7940046968,TOTAL DEODORANTS,DEODORANT,Yes
462,81915602018,ORAL CARE,MANUAL TOOTHBRUSH,Yes
463,7094230239,ORAL CARE,DENTAL FLOSS,Yes
464,3320018681,ORAL CARE,DENTIFRICE,Yes
465,30041010113,ORAL CARE,MANUAL TOOTHBRUSH,Yes
466,30041010642,ORAL CARE,MANUAL TOOTHBRUSH,Yes
467,4126000907,ORAL CARE,DENTIFRICE,Yes
468,31254711591,ORAL CARE,ORAL ANTISEPTICS,Yes
469,3500098138,ORAL CARE,DENTIFRICE,Yes
470,3500052123,ORAL CARE,DENTIFRICE,Yes
471,3500045459,ORAL CARE,MANUAL TOOTHBRUSH,Yes
472,4126038270,ORAL CARE,MANUAL TOOTHBRUSH,Yes
473,3500067112,ORAL CARE,ORAL ANTISEPTICS,Yes
474,7502008372,ORAL CARE,POWER TOOTHBRUSH,Yes
475,7940026560,TOTAL DEODORANTS,ANTI PERSPIRANT,Yes
476,3700064967,ORAL CARE,DENTIFRICE,Yes
477,3500097980,ORAL CARE,POWER TOOTHBRUSH,Yes
478,30041010837,ORAL CARE,MANUAL TOOTHBRUSH,Yes
479,4126035396,ORAL CARE,MANUAL TOOTHBRUSH,Yes
480,4126037699,ORAL CARE,DENTIFRICE,Yes
481,3700078555,ORAL CARE,DENTIFRICE,Yes
482,3700078555,ORAL CARE,DENTIFRICE,Yes
483,30041010317,ORAL CARE,MANUAL TOOTHBRUSH,Yes
484,31015808414,ORAL CARE,DENTIFRICE,Yes
485,6905583834,ORAL CARE,POWER TOOTHBRUSH,Yes
486,3700093878,ORAL CARE,DENTIFRICE,Yes
487,7940058983,TOTAL DEODORANTS,ANTI PERSPIRANT,Yes
488,30041010560,ORAL CARE,MANUAL TOOTHBRUSH,Yes
489,81483201589,ORAL CARE,DENTURE CLEANSERS,Yes
490,76687800080,ORAL CARE,POWER TOOTHBRUSH,Yes
491,3700051306,ORAL CARE,DENTIFRICE,Yes
492,1204401451,TOTAL DEODORANTS,ANTI PERSPIRANT,Yes
493,3700051884,ORAL CARE,DENTIFRICE,Yes
494,3700085652,ORAL CARE,DENTIFRICE,Yes
495,6905513011,ORAL CARE,POWER TOOTHBRUSH,Yes
496,4126037122,ORAL CARE,ORAL ANTISEPTICS,Yes
497,7940030209,TOTAL DEODORANTS,ANTI PERSPIRANT,Yes
498,31254742267,ORAL CARE,ORAL ANTISEPTICS,Yes
499,7940006672,TOTAL DEODORANTS,ANTI PERSPIRANT,Yes
500,3500055676,ORAL CARE,MANUAL TOOTHBRUSH,Yes
501,31031043018,ORAL CARE,DENTIFRICE,Yes
502,31254742735,ORAL CARE,ORAL ANTISEPTICS,Yes
503,7502002699,ORAL CARE,POWER TOOTHBRUSH,Yes
504,31015803447,ORAL CARE,DENTURE CLEANSERS,Yes
505,81915602024,ORAL CARE,DENTIFRICE,Yes
506,7940067027,TOTAL DEODORANTS,BODY SPRAY,Yes
507,31254711590,ORAL CARE,ORAL ANTISEPTICS,Yes
508,3500052101,ORAL CARE,DENTIFRICE,Yes
509,3500052541,ORAL CARE,DENTIFRICE,Yes
510,7502007218,ORAL CARE,POWER TOOTHBRUSH,Yes
511,7940019743,TOTAL DEODORANTS,ANTI PERSPIRANT,Yes
512,30997365722,TOTAL DEODORANTS,ANTI PERSPIRANT,Yes
513,31254742592,ORAL CARE,ORAL ANTISEPTICS,Yes
514,81000647274,TOTAL DEODORANTS,ANTI PERSPIRANT,Yes
515,64769223201,ORAL CARE,ORAL ANTISEPTICS,Yes
516,4126038267,ORAL CARE,DENTURE CLEANSERS,Yes
517,31015883090,ORAL CARE,DENTIFRICE,Yes
518,4740009995,TOTAL DEODORANTS,ANTI PERSPIRANT,Yes
519,30041668466,ORAL CARE,MANUAL TOOTHBRUSH,Yes
520,7940026280,TOTAL DEODORANTS,ANTI PERSPIRANT,Yes
521,76687850202,ORAL CARE,POWER TOOTHBRUSH,Yes
522,3700027259,ORAL CARE,DENTIFRICE,Yes
523,4126000976,OC ADJACENCY,MOUTH PAIN,Yes
524,3500096783,ORAL CARE,MANUAL TOOTHBRUSH,Yes
525,3500096783,ORAL CARE,MANUAL TOOTHBRUSH,Yes
526,31031099885,ORAL CARE,DENTIFRICE,Yes
527,3700047980,ORAL CARE,DENTIFRICE,Yes
528,1204404514,TOTAL DEODORANTS,BODY SPRAY,Yes
529,3700040027,ORAL CARE,DENTIFRICE,Yes
530,31254742825,ORAL CARE,ORAL ANTISEPTICS,Yes
531,3320018053,ORAL CARE,DENTIFRICE,Yes
532,1254743720,OC ADJACENCY,BREATH,Yes
533,4126037302,ORAL CARE,MANUAL TOOTHBRUSH,Yes
534,3700075605,ORAL CARE,DENTURE ADHESIVES,Yes
535,31015885078,ORAL CARE,DENTIFRICE,Yes
536,7940037997,TOTAL DEODORANTS,BODY SPRAY,Yes
537,76687800131,ORAL CARE,POWER TOOTHBRUSH,Yes
538,1111079745,ORAL CARE,MANUAL TOOTHBRUSH,Yes
539,4126000147,ORAL CARE,DENTIFRICE,Yes
540,7732644443,ORAL CARE,MANUAL TOOTHBRUSH,Yes
541,3700055825,ORAL CARE,ORAL ANTISEPTICS,Yes
542,3500098089,ORAL CARE,POWER TOOTHBRUSH,Yes
543,1204402180,TOTAL DEODORANTS,DEODORANT,Yes
544,88971400003,ORAL CARE,WHITENING SYSTEM,Yes
545,4126037683,ORAL CARE,DENTAL FLOSS,Yes
546,3500067154,ORAL CARE,ORAL ANTISEPTICS,Yes
547,76687800104,ORAL CARE,POWER TOOTHBRUSH,Yes
548,3500068782,ORAL CARE,MANUAL TOOTHBRUSH,Yes
549,4126037953,ORAL CARE,POWER TOOTHBRUSH,Yes
550,30041010479,ORAL CARE,MANUAL TOOTHBRUSH,Yes
551,30041010479,ORAL CARE,MANUAL TOOTHBRUSH,Yes
552,88971400189,ORAL CARE,WHITENING SYSTEM,Yes
553,4126033569,ORAL CARE,DENTAL FLOSS,Yes
554,31015808560,ORAL CARE,DENTIFRICE,Yes
555,4740067134,TOTAL DEODORANTS,Unsegmented,Yes
556,1204403753,TOTAL DEODORANTS,DEODORANT,Yes
557,31254742260,ORAL CARE,ORAL ANTISEPTICS,Yes
558,3700021887,ORAL CARE,DENTIFRICE,Yes
559,3700021887,ORAL CARE,DENTIFRICE,Yes
560,6830510023,ORAL CARE,ORAL ANTISEPTICS,Yes
561,3700095664,ORAL CARE,ORAL ANTISEPTICS,Yes
562,31015885000,ORAL CARE,DENTIFRICE,Yes
563,7502005691,ORAL CARE,POWER TOOTHBRUSH,Yes
564,7940026093,TOTAL DEODORANTS,BODY SPRAY,Yes
565,3500098416,ORAL CARE,DENTIFRICE,Yes
566,7940045767,TOTAL DEODORANTS,ANTI PERSPIRANT,Yes
567,3700076866,ORAL CARE,ORAL ANTISEPTICS,Yes
568,81483201591,ORAL CARE,DENTURE CLEANSERS,Yes
569,85757600828,ORAL CARE,POWER TOOTHBRUSH,Yes
570,3700075419,ORAL CARE,DENTIFRICE,Yes
571,3700075419,ORAL CARE,DENTIFRICE,Yes
572,6830510022,ORAL CARE,ORAL ANTISEPTICS,Yes
573,31015883050,ORAL CARE,DENTIFRICE,Yes
574,1700006815,TOTAL DEODORANTS,ANTI PERSPIRANT,Yes
575,3500032029,ORAL CARE,ORAL ANTISEPTICS,Yes
576,1204403869,TOTAL DEODORANTS,DEODORANT,Yes
577,1204404392,TOTAL DEODORANTS,ANTI PERSPIRANT,Yes
578,4126037954,ORAL CARE,WHITENING SYSTEM,Yes
579,3700051160,ORAL CARE,DENTIFRICE,Yes
580,3700055817,ORAL CARE,ORAL ANTISEPTICS,Yes
581,3500051406,ORAL CARE,DENTIFRICE,Yes
582,1700021129,TOTAL DEODORANTS,DEODORANT,Yes
583,3500096842,TOTAL DEODORANTS,DEODORANT,Yes
584,1111035007,ORAL CARE,ORAL ANTISEPTICS,Yes
585,4126000362,ORAL CARE,ORAL ANTISEPTICS,Yes
586,4126037518,ORAL CARE,DENTURE CLEANSERS,Yes
587,3500068177,ORAL CARE,MANUAL TOOTHBRUSH,Yes
588,31015888758,ORAL CARE,DENTIFRICE,Yes
589,6830568631,ORAL CARE,DENTAL FLOSS,Yes
590,6905512996,ORAL CARE,POWER TOOTHBRUSH,Yes
591,3700051311,ORAL CARE,DENTIFRICE,Yes
592,3500046393,ORAL CARE,DENTIFRICE,Yes
593,81215403081,TOTAL DEODORANTS,DEODORANT,Yes
594,3700073388,TOTAL DEODORANTS,ANTI PERSPIRANT,Yes
595,4116709363,ORAL CARE,ORAL ANTISEPTICS,Yes
596,31015805455,ORAL CARE,DENTURE ADHESIVES,Yes
597,1111038080,ORAL CARE,ORAL ANTISEPTICS,Yes
598,3700020198,ORAL CARE,DENTAL FLOSS,Yes
599,31015832083,ORAL CARE,DENTURE CLEANSERS,Yes
600,31254742257,ORAL CARE,ORAL ANTISEPTICS,Yes
601,1204403750,TOTAL DEODORANTS,DEODORANT,Yes
602,7732683079,ORAL CARE,DENTIFRICE,Yes
603,7940058708,TOTAL DEODORANTS,ANTI PERSPIRANT,Yes
604,31254711381,ORAL CARE,ORAL ANTISEPTICS,Yes
605,3500098705,ORAL CARE,DENTIFRICE,Yes
606,19253900004,ORAL CARE,DENTIFRICE,Yes
607,31015805333,ORAL CARE,DENTURE CLEANSERS,Yes
608,7940026094,TOTAL DEODORANTS,ANTI PERSPIRANT,Yes
609,3700044982,ORAL CARE,ORAL ANTISEPTICS,Yes
610,1204403891,TOTAL DEODORANTS,DEODORANT,Yes
611,65108018651,ORAL CARE,DENTAL FLOSS,Yes
612,3500098137,ORAL CARE,DENTIFRICE,Yes
613,7940066914,TOTAL DEODORANTS,ANTI PERSPIRANT,Yes
614,1254743620,OC ADJACENCY,BREATH,Yes
615,4126037301,ORAL CARE,MANUAL TOOTHBRUSH,Yes
616,3700067038,ORAL CARE,DENTIFRICE,Yes
617,31031032460,ORAL CARE,DENTIFRICE,Yes
618,3500098499,ORAL CARE,DENTIFRICE,Yes
619,3500051120,ORAL CARE,DENTIFRICE,Yes
620,3320000127,ORAL CARE,DENTIFRICE,Yes
621,31015819788,ORAL CARE,DENTIFRICE,Yes
622,7395019974,ORAL CARE,POWER TOOTHBRUSH,Yes
623,7940053430,TOTAL DEODORANTS,DEODORANT,Yes
624,1700006809,TOTAL DEODORANTS,ANTI PERSPIRANT,Yes
625,3700090729,ORAL CARE,DENTIFRICE,Yes
626,3500044988,ORAL CARE,MANUAL TOOTHBRUSH,Yes
627,3500044988,ORAL CARE,MANUAL TOOTHBRUSH,Yes
628,69736600108,OC ADJACENCY,DRY MOUTH,Yes
629,7502007340,ORAL CARE,POWER TOOTHBRUSH,Yes
630,4126036999,ORAL CARE,MANUAL TOOTHBRUSH,Yes
631,30041667803,ORAL CARE,MANUAL TOOTHBRUSH,Yes
632,6905512776,ORAL CARE,POWER TOOTHBRUSH,Yes
633,3500047012,ORAL CARE,MANUAL TOOTHBRUSH,Yes
634,7094200372,ORAL CARE,DENTAL FLOSS,Yes
635,1204403006,TOTAL DEODORANTS,DEODORANT,Yes
636,3500047013,ORAL CARE,MANUAL TOOTHBRUSH,Yes
637,31254742855,ORAL CARE,ORAL ANTISEPTICS,Yes
638,31031028313,OC ADJACENCY,MOUTH PAIN,Yes
639,7094200244,ORAL CARE,DENTAL FLOSS,Yes
640,3500046045,ORAL CARE,DENTIFRICE,Yes
641,31254742833,ORAL CARE,ORAL ANTISEPTICS,Yes
642,3500068783,ORAL CARE,MANUAL TOOTHBRUSH,Yes
643,1111079914,ORAL CARE,DENTAL FLOSS,Yes
644,31015884060,ORAL CARE,DENTIFRICE,Yes
645,3700020339,ORAL CARE,DENTAL FLOSS,Yes
646,31015884040,ORAL CARE,DENTIFRICE,Yes
647,4126038142,ORAL CARE,ORAL ANTISEPTICS,Yes
648,1204403000,TOTAL DEODORANTS,ANTI PERSPIRANT,Yes
649,3700073507,ORAL CARE,ORAL ANTISEPTICS,Yes
650,4116709980,OC ADJACENCY,DRY MOUTH,Yes
651,3500098531,ORAL CARE,DENTIFRICE,Yes
652,1204404377,TOTAL DEODORANTS,ANTI PERSPIRANT,Yes
653,30041001120,ORAL CARE,MANUAL TOOTHBRUSH,Yes
654,7940035030,TOTAL DEODORANTS,BODY SPRAY,Yes
655,31015885116,ORAL CARE,DENTIFRICE,Yes
656,85429600467,ORAL CARE,DENTIFRICE,Yes
657,6905512799,ORAL CARE,POWER TOOTHBRUSH,Yes
658,3700046974,ORAL CARE,DENTAL FLOSS,Yes
659,30997310590,TOTAL DEODORANTS,ANTI PERSPIRANT,Yes
660,76687820066,ORAL CARE,POWER TOOTHBRUSH,Yes
661,3700077969,ORAL CARE,DENTIFRICE,Yes
662,3700077969,ORAL CARE,DENTIFRICE,Yes
663,3500051088,ORAL CARE,DENTIFRICE,Yes
664,3500097123,ORAL CARE,DENTIFRICE,Yes
665,3700071157,ORAL CARE,DENTIFRICE,Yes
666,2220093008,TOTAL DEODORANTS,DEODORANT,Yes
667,6830510024,ORAL CARE,ORAL ANTISEPTICS,Yes
668,3700051206,ORAL CARE,DENTIFRICE,Yes
669,31031031805,OC ADJACENCY,MOUTH PAIN,Yes
670,3700074789,ORAL CARE,ORAL ANTISEPTICS,Yes
671,3700095665,ORAL CARE,ORAL ANTISEPTICS,Yes
672,30041666630,ORAL CARE,MANUAL TOOTHBRUSH,Yes
673,3500097499,ORAL CARE,POWER TOOTHBRUSH,Yes
674,65108066451,ORAL CARE,DENTAL FLOSS,Yes
675,4126037686,ORAL CARE,MANUAL TOOTHBRUSH,Yes
676,3834110636,ORAL CARE,ORAL ANTISEPTICS,Yes
